"emp_id","first_name","last_name","age","gender","department","salary","city","joining_date","email"
1,"FirstName1","LastName1",21,"Female","IT","31000.00","Mumbai","2024-01-02","employee1@example.com"
2,"FirstName2","LastName2",22,"Male","Finance","32000.00","Delhi","2024-01-03","employee2@example.com"
3,"FirstName3","LastName3",23,"Female","Sales","33000.00","Hyderabad","2024-01-04","employee3@example.com"
4,"FirstName4","LastName4",24,"Male","Support","34000.00","Bangalore","2024-01-05","employee4@example.com"
5,"FirstName5","LastName5",25,"Female","HR","35000.00","Mumbai","2024-01-06","employee5@example.com"
6,"FirstName6","LastName6",26,"Male","IT","36000.00","Delhi","2024-01-07","employee6@example.com"
7,"FirstName7","LastName7",27,"Female","Finance","37000.00","Hyderabad","2024-01-08","employee7@example.com"
8,"FirstName8","LastName8",28,"Male","Sales","38000.00","Bangalore","2024-01-09","employee8@example.com"
9,"FirstName9","LastName9",29,"Female","Support","39000.00","Mumbai","2024-01-10","employee9@example.com"
10,"FirstName10","LastName10",30,"Male","HR","40000.00","Delhi","2024-01-11","employee10@example.com"
11,"FirstName11","LastName11",31,"Female","IT","41000.00","Hyderabad","2024-01-12","employee11@example.com"
12,"FirstName12","LastName12",32,"Male","Finance","42000.00","Bangalore","2024-01-13","employee12@example.com"
13,"FirstName13","LastName13",33,"Female","Sales","43000.00","Mumbai","2024-01-14","employee13@example.com"
14,"FirstName14","LastName14",34,"Male","Support","44000.00","Delhi","2024-01-15","employee14@example.com"
15,"FirstName15","LastName15",20,"Female","HR","45000.00","Hyderabad","2024-01-16","employee15@example.com"
16,"FirstName16","LastName16",21,"Male","IT","46000.00","Bangalore","2024-01-17","employee16@example.com"
17,"FirstName17","LastName17",22,"Female","Finance","47000.00","Mumbai","2024-01-18","employee17@example.com"
18,"FirstName18","LastName18",23,"Male","Sales","48000.00","Delhi","2024-01-19","employee18@example.com"
19,"FirstName19","LastName19",24,"Female","Support","49000.00","Hyderabad","2024-01-20","employee19@example.com"
20,"FirstName20","LastName20",25,"Male","HR","50000.00","Bangalore","2024-01-21","employee20@example.com"
21,"FirstName21","LastName21",26,"Female","IT","51000.00","Mumbai","2024-01-22","employee21@example.com"
22,"FirstName22","LastName22",27,"Male","Finance","52000.00","Delhi","2024-01-23","employee22@example.com"
23,"FirstName23","LastName23",28,"Female","Sales","53000.00","Hyderabad","2024-01-24","employee23@example.com"
24,"FirstName24","LastName24",29,"Male","Support","54000.00","Bangalore","2024-01-25","employee24@example.com"
25,"FirstName25","LastName25",30,"Female","HR","55000.00","Mumbai","2024-01-26","employee25@example.com"
26,"FirstName26","LastName26",31,"Male","IT","56000.00","Delhi","2024-01-27","employee26@example.com"
27,"FirstName27","LastName27",32,"Female","Finance","57000.00","Hyderabad","2024-01-28","employee27@example.com"
28,"FirstName28","LastName28",33,"Male","Sales","58000.00","Bangalore","2024-01-29","employee28@example.com"
29,"FirstName29","LastName29",34,"Female","Support","59000.00","Mumbai","2024-01-30","employee29@example.com"
30,"FirstName30","LastName30",20,"Male","HR","60000.00","Delhi","2024-01-31","employee30@example.com"
31,"FirstName31","LastName31",21,"Female","IT","61000.00","Hyderabad","2024-02-01","employee31@example.com"
32,"FirstName32","LastName32",22,"Male","Finance","62000.00","Bangalore","2024-02-02","employee32@example.com"
33,"FirstName33","LastName33",23,"Female","Sales","63000.00","Mumbai","2024-02-03","employee33@example.com"
34,"FirstName34","LastName34",24,"Male","Support","64000.00","Delhi","2024-02-04","employee34@example.com"
35,"FirstName35","LastName35",25,"Female","HR","65000.00","Hyderabad","2024-02-05","employee35@example.com"
36,"FirstName36","LastName36",26,"Male","IT","66000.00","Bangalore","2024-02-06","employee36@example.com"
37,"FirstName37","LastName37",27,"Female","Finance","67000.00","Mumbai","2024-02-07","employee37@example.com"
38,"FirstName38","LastName38",28,"Male","Sales","68000.00","Delhi","2024-02-08","employee38@example.com"
39,"FirstName39","LastName39",29,"Female","Support","69000.00","Hyderabad","2024-02-09","employee39@example.com"
40,"FirstName40","LastName40",30,"Male","HR","70000.00","Bangalore","2024-02-10","employee40@example.com"
41,"FirstName41","LastName41",31,"Female","IT","71000.00","Mumbai","2024-02-11","employee41@example.com"
42,"FirstName42","LastName42",32,"Male","Finance","72000.00","Delhi","2024-02-12","employee42@example.com"
43,"FirstName43","LastName43",33,"Female","Sales","73000.00","Hyderabad","2024-02-13","employee43@example.com"
44,"FirstName44","LastName44",34,"Male","Support","74000.00","Bangalore","2024-02-14","employee44@example.com"
45,"FirstName45","LastName45",20,"Female","HR","75000.00","Mumbai","2024-02-15","employee45@example.com"
46,"FirstName46","LastName46",21,"Male","IT","76000.00","Delhi","2024-02-16","employee46@example.com"
47,"FirstName47","LastName47",22,"Female","Finance","77000.00","Hyderabad","2024-02-17","employee47@example.com"
48,"FirstName48","LastName48",23,"Male","Sales","78000.00","Bangalore","2024-02-18","employee48@example.com"
49,"FirstName49","LastName49",24,"Female","Support","79000.00","Mumbai","2024-02-19","employee49@example.com"
50,"FirstName50","LastName50",25,"Male","HR","80000.00","Delhi","2024-02-20","employee50@example.com"
51,"FirstName51","LastName51",26,"Female","IT","81000.00","Hyderabad","2024-02-21","employee51@example.com"
52,"FirstName52","LastName52",27,"Male","Finance","82000.00","Bangalore","2024-02-22","employee52@example.com"
53,"FirstName53","LastName53",28,"Female","Sales","83000.00","Mumbai","2024-02-23","employee53@example.com"
54,"FirstName54","LastName54",29,"Male","Support","84000.00","Delhi","2024-02-24","employee54@example.com"
55,"FirstName55","LastName55",30,"Female","HR","85000.00","Hyderabad","2024-02-25","employee55@example.com"
56,"FirstName56","LastName56",31,"Male","IT","86000.00","Bangalore","2024-02-26","employee56@example.com"
57,"FirstName57","LastName57",32,"Female","Finance","87000.00","Mumbai","2024-02-27","employee57@example.com"
58,"FirstName58","LastName58",33,"Male","Sales","88000.00","Delhi","2024-02-28","employee58@example.com"
59,"FirstName59","LastName59",34,"Female","Support","89000.00","Hyderabad","2024-02-29","employee59@example.com"
60,"FirstName60","LastName60",20,"Male","HR","90000.00","Bangalore","2024-03-01","employee60@example.com"
61,"FirstName61","LastName61",21,"Female","IT","91000.00","Mumbai","2024-03-02","employee61@example.com"
62,"FirstName62","LastName62",22,"Male","Finance","92000.00","Delhi","2024-03-03","employee62@example.com"
63,"FirstName63","LastName63",23,"Female","Sales","93000.00","Hyderabad","2024-03-04","employee63@example.com"
64,"FirstName64","LastName64",24,"Male","Support","94000.00","Bangalore","2024-03-05","employee64@example.com"
65,"FirstName65","LastName65",25,"Female","HR","95000.00","Mumbai","2024-03-06","employee65@example.com"
66,"FirstName66","LastName66",26,"Male","IT","96000.00","Delhi","2024-03-07","employee66@example.com"
67,"FirstName67","LastName67",27,"Female","Finance","97000.00","Hyderabad","2024-03-08","employee67@example.com"
68,"FirstName68","LastName68",28,"Male","Sales","98000.00","Bangalore","2024-03-09","employee68@example.com"
69,"FirstName69","LastName69",29,"Female","Support","99000.00","Mumbai","2024-03-10","employee69@example.com"
70,"FirstName70","LastName70",30,"Male","HR","100000.00","Delhi","2024-03-11","employee70@example.com"
71,"FirstName71","LastName71",31,"Female","IT","101000.00","Hyderabad","2024-03-12","employee71@example.com"
72,"FirstName72","LastName72",32,"Male","Finance","102000.00","Bangalore","2024-03-13","employee72@example.com"
73,"FirstName73","LastName73",33,"Female","Sales","103000.00","Mumbai","2024-03-14","employee73@example.com"
74,"FirstName74","LastName74",34,"Male","Support","104000.00","Delhi","2024-03-15","employee74@example.com"
75,"FirstName75","LastName75",20,"Female","HR","105000.00","Hyderabad","2024-03-16","employee75@example.com"
76,"FirstName76","LastName76",21,"Male","IT","106000.00","Bangalore","2024-03-17","employee76@example.com"
77,"FirstName77","LastName77",22,"Female","Finance","107000.00","Mumbai","2024-03-18","employee77@example.com"
78,"FirstName78","LastName78",23,"Male","Sales","108000.00","Delhi","2024-03-19","employee78@example.com"
79,"FirstName79","LastName79",24,"Female","Support","109000.00","Hyderabad","2024-03-20","employee79@example.com"
80,"FirstName80","LastName80",25,"Male","HR","110000.00","Bangalore","2024-03-21","employee80@example.com"
81,"FirstName81","LastName81",26,"Female","IT","111000.00","Mumbai","2024-03-22","employee81@example.com"
82,"FirstName82","LastName82",27,"Male","Finance","112000.00","Delhi","2024-03-23","employee82@example.com"
83,"FirstName83","LastName83",28,"Female","Sales","113000.00","Hyderabad","2024-03-24","employee83@example.com"
84,"FirstName84","LastName84",29,"Male","Support","114000.00","Bangalore","2024-03-25","employee84@example.com"
85,"FirstName85","LastName85",30,"Female","HR","115000.00","Mumbai","2024-03-26","employee85@example.com"
86,"FirstName86","LastName86",31,"Male","IT","116000.00","Delhi","2024-03-27","employee86@example.com"
87,"FirstName87","LastName87",32,"Female","Finance","117000.00","Hyderabad","2024-03-28","employee87@example.com"
88,"FirstName88","LastName88",33,"Male","Sales","118000.00","Bangalore","2024-03-29","employee88@example.com"
89,"FirstName89","LastName89",34,"Female","Support","119000.00","Mumbai","2024-03-30","employee89@example.com"
90,"FirstName90","LastName90",20,"Male","HR","120000.00","Delhi","2024-03-31","employee90@example.com"
91,"FirstName91","LastName91",21,"Female","IT","121000.00","Hyderabad","2024-04-01","employee91@example.com"
92,"FirstName92","LastName92",22,"Male","Finance","122000.00","Bangalore","2024-04-02","employee92@example.com"
93,"FirstName93","LastName93",23,"Female","Sales","123000.00","Mumbai","2024-04-03","employee93@example.com"
94,"FirstName94","LastName94",24,"Male","Support","124000.00","Delhi","2024-04-04","employee94@example.com"
95,"FirstName95","LastName95",25,"Female","HR","125000.00","Hyderabad","2024-04-05","employee95@example.com"
96,"FirstName96","LastName96",26,"Male","IT","126000.00","Bangalore","2024-04-06","employee96@example.com"
97,"FirstName97","LastName97",27,"Female","Finance","127000.00","Mumbai","2024-04-07","employee97@example.com"
98,"FirstName98","LastName98",28,"Male","Sales","128000.00","Delhi","2024-04-08","employee98@example.com"
99,"FirstName99","LastName99",29,"Female","Support","129000.00","Hyderabad","2024-04-09","employee99@example.com"
100,"FirstName100","LastName100",30,"Male","HR","130000.00","Bangalore","2024-04-10","employee100@example.com"
